{
  "project_info": {
    "project_number": "967301441554",
    "project_id": "my-application1209",
    "storage_bucket": "my-application1209.appspot.com"
  },
  "client": [
    {
      "client_info": {
        "mobilesdk_app_id": "1:967301441554:android:44bd2e11e0ee6ddc08d0cb",
        "android_client_info": {
          "package_name": "com.example.myapplication1209"
        }
      },
      "oauth_client": [
        {
          "client_id": "967301441554-c857knbfarlmve1qng9u2kaf6qhv16ih.apps.googleusercontent.com",
          "client_type": 3
        }
      ],
      "api_key": [
        {
          "current_key": "AIzaSyAzn6e0k7xna_w8lId3fLHE9dBh-SbZaIM"
        }
      ],
      "services": {
        "appinvite_service": {
          "other_platform_oauth_client": [
            {
              "client_id": "967301441554-c857knbfarlmve1qng9u2kaf6qhv16ih.apps.googleusercontent.com",
              "client_type": 3
            }
          ]
        }
      }
    }
  ],
  "configuration_version": "1"
}